{"data":{"bookInfo":{"expectingReturn":[{"bookSeq":"10", "bookIsbn":"PM0000037904", "bookTitle":"유창한 영어회화를 꼭 원하는 분. 1 Fluent English", "bookAuthor":"강성구 지음", "userId":"user1", "borrowStart":"2023-06-05", "borrowEnd":"2023-06-18", "returnDate":"-"}],"list":[{"bookSeq":"3", "bookIsbn":"PM0000037903", "bookTitle":"슬픈 세상의 기쁜 말 : 당신을 살아 있게 하는 말은 무엇입니까", "bookAuthor":"정혜윤 지음", "userId":"user1", "borrowStart":"2023-06-01", "borrowEnd":"2023-06-14", "returnDate":"-"},{"bookSeq":"10", "bookIsbn":"PM0000037904", "bookTitle":"유창한 영어회화를 꼭 원하는 분. 1 Fluent English", "bookAuthor":"강성구 지음", "userId":"user1", "borrowStart":"2023-06-05", "borrowEnd":"2023-06-18", "returnDate":"-"},{"bookSeq":"16", "bookIsbn":"PM0000037905", "bookTitle":"도둑맞은 뇌 : 뇌과학이 발견한 기억의 7가지 오류", "bookAuthor":"대니얼 샥터 지음 ; 홍보람 옮김", "userId":"user1", "borrowStart":"2023-06-05", "borrowEnd":"2023-06-18", "returnDate":"2023-06-14"}],"returned":[{"bookSeq":"16", "bookIsbn":"PM0000037905", "bookTitle":"도둑맞은 뇌 : 뇌과학이 발견한 기억의 7가지 오류", "bookAuthor":"대니얼 샥터 지음 ; 홍보람 옮김", "userId":"user1", "borrowStart":"2023-06-05", "borrowEnd":"2023-06-18", "returnDate":"2023-06-14"}],"notReturned":[{"bookSeq":"3", "bookIsbn":"PM0000037903", "bookTitle":"슬픈 세상의 기쁜 말 : 당신을 살아 있게 하는 말은 무엇입니까", "bookAuthor":"정혜윤 지음", "userId":"user1", "borrowStart":"2023-06-01", "borrowEnd":"2023-06-14", "returnDate":"-"}]},"userInfo":{"user":[{"userId":"user1", "userState":"대출정지", "stopDate":"2023-06-18", "totalUsingBook":"3", "returnedBook":"1", "notReturnedBook":"1", "expectingReturnBook":"1", "availableBook":"1"}]}}}
